method,n,nj,N,median_s,min_s,reps,backward_error,factor_bytes,assembly_s
band_cpp_py,1,25,25,5.375011824071407e-06,4.790956154465675e-06,20000,8.643022829757808e-17,400,0.0
band_fortran_py,1,25,25,6.624963134527206e-06,6.083049811422825e-06,20000,8.643022829757808e-17,400,0.0
band_fortran_reference_py,1,25,25,6.624963134527206e-06,6.082933396100998e-06,20000,8.643022829757808e-17,400,0.0
lapack_band,1,25,25,1.862493809312582e-05,1.762493047863245e-05,10623,9.135826763033475e-17,1400,1.9542057998478413e-05
superlu_natural,1,25,25,4.754203837364912e-05,4.624994471669197e-05,4138,5.837831209573258e-17,1200,0.0010488330153748393
superlu_colamd,1,25,25,5.024997517466545e-05,4.9208989366889e-05,3930,5.837831209573258e-17,1200,0.0010488330153748393
dense_lapack,1,25,25,8.165952749550343e-06,7.582944817841053e-06,20000,6.216911158246846e-17,5000,0.0
band_cpp_py,1,50,50,6.375019438564777e-06,5.792011506855488e-06,20000,1.1243843466712702e-16,800,0.0
band_fortran_py,1,50,50,8.95792618393898e-06,8.291099220514297e-06,20000,1.1243843466712702e-16,800,0.0
band_fortran_reference_py,1,50,50,8.917064405977726e-06,8.291914127767086e-06,20000,1.1243843466712702e-16,800,0.0
lapack_band,1,50,50,2.0583043806254864e-05,1.9249971956014633e-05,8794,5.790242743337081e-17,2800,1.570803578943014e-05
superlu_natural,1,50,50,5.191704258322716e-05,5.066697485744953e-05,3676,5.790242743337081e-17,2400,0.0002375420881435275
superlu_colamd,1,50,50,5.662499461323023e-05,5.545793101191521e-05,3420,5.790242743337081e-17,2400,0.0002375420881435275
dense_lapack,1,50,50,1.7625046893954277e-05,1.6457983292639256e-05,10922,5.790242743337081e-17,20000,0.0
band_cpp_py,1,100,100,8.082948625087738e-06,7.4999406933784485e-06,20000,7.063882787035133e-17,1600,0.0
band_fortran_py,1,100,100,1.2792064808309078e-05,1.2208009138703346e-05,15204,7.063882787035133e-17,1600,0.0
band_fortran_reference_py,1,100,100,1.2750038877129555e-05,1.2167030945420265e-05,15435,7.063882787035133e-17,1600,0.0
lapack_band,1,100,100,2.4165958166122437e-05,2.316699828952551e-05,8219,6.802257498626424e-17,5600,1.2582982890307903e-05
superlu_natural,1,100,100,5.8999983593821526e-05,5.783303640782833e-05,3353,6.458874307589994e-17,4800,0.0001909160055220127
superlu_colamd,1,100,100,6.808305624872446e-05,6.687501445412636e-05,2876,6.458874307589994e-17,4800,0.0001909160055220127
dense_lapack,1,100,100,4.679197445511818e-05,4.4665997847914696e-05,4209,6.279006921809006e-17,80000,0.0
band_cpp_py,1,200,200,1.1874944902956486e-05,1.12500274553895e-05,16636,8.696979224645043e-17,3200,0.0
band_fortran_py,1,200,200,2.0749983377754688e-05,2.004194539040327e-05,9373,8.696979224645043e-17,3200,0.0
band_fortran_reference_py,1,200,200,2.0749983377754688e-05,2.0166044123470783e-05,9422,8.696979224645043e-17,3200,0.0
lapack_band,1,200,200,3.1374976970255375e-05,3.066693898290396e-05,6207,8.185392211430629e-17,11200,2.0000035874545574e-05
superlu_natural,1,200,200,7.199996616691351e-05,7.049995474517345e-05,2688,8.185392211430629e-17,9600,0.00020429096184670925
superlu_colamd,1,200,200,8.933397475630045e-05,8.808297570794821e-05,2195,8.185392211430629e-17,9600,0.00020429096184670925
dense_lapack,1,200,200,0.00013470801059156656,0.00012987502850592136,1451,8.696979224645043e-17,320000,0.0
band_cpp_py,1,500,500,2.2791908122599125e-05,2.2208900190889835e-05,8718,8.555048024428053e-17,8000,0.0
band_fortran_py,1,500,500,4.441698547452688e-05,4.3874955736100674e-05,4488,8.555048024428053e-17,8000,0.0
band_fortran_reference_py,1,500,500,4.445796366780996e-05,4.383292980492115e-05,4417,8.555048024428053e-17,8000,0.0
lapack_band,1,500,500,5.258305463939905e-05,5.212496034801006e-05,3766,7.396551937786754e-17,28000,3.3708056434988976e-05
superlu_natural,1,500,500,0.00011112506035715342,0.000106374965980649,1776,9.683839083206755e-17,24000,0.00021416600793600082
superlu_colamd,1,500,500,0.00015233398880809546,0.0001497910125181079,1276,9.683839083206755e-17,24000,0.00021416600793600082
dense_lapack,1,500,500,0.0013277080142870545,0.0012488330248743296,151,9.980889361832729e-17,2000000,0.0
band_cpp_py,1,1000,1000,4.112499300390482e-05,4.04169550165534e-05,4734,9.579933101212695e-17,16000,0.0
band_fortran_py,1,1000,1000,8.395803160965443e-05,8.337502367794514e-05,2306,9.579933101212695e-17,16000,0.0
band_fortran_reference_py,1,1000,1000,8.38330015540123e-05,8.329097181558609e-05,2327,9.579933101212695e-17,16000,0.0
lapack_band,1,1000,1000,0.00010262499563395977,8.737505413591862e-05,1955,9.813590006120323e-17,56000,5.266699008643627e-05
superlu_natural,1,1000,1000,0.0001806250074878335,0.00016670802142471075,1041,9.813590006120323e-17,48000,0.0002679999452084303
superlu_colamd,1,1000,1000,0.0002986670006066561,0.00026649993378669024,661,9.813590006120323e-17,48000,0.0002679999452084303
dense_lapack,1,1000,1000,0.006505249999463558,0.006160459015518427,31,1.4895627687861206e-16,8000000,0.0
band_cpp_py,1,2000,2000,7.737497799098492e-05,7.704098243266344e-05,2537,1.0767509719261466e-16,32000,0.0
band_fortran_py,1,2000,2000,0.00016245909500867128,0.00016199995297938585,1203,1.0767509719261466e-16,32000,0.0
band_fortran_reference_py,1,2000,2000,0.00016249995678663254,0.00016199995297938585,1208,1.0767509719261466e-16,32000,0.0
lapack_band,1,2000,2000,0.00015845894813537598,0.00015733297914266586,1186,1.0283812993591517e-16,112000,0.00017433299217373133
superlu_natural,1,2000,2000,0.0003362080315127969,0.00029570807237178087,601,1.0283812993591517e-16,96000,0.0002931660274043679
superlu_colamd,1,2000,2000,0.0005423340480774641,0.0005287920357659459,362,1.0283812993591517e-16,96000,0.0002931660274043679
dense_lapack,1,2000,2000,0.034271333017386496,0.033709125011228025,6,1.1412438686821396e-16,32000000,0.0
band_cpp_py,3,25,75,8.916016668081284e-06,8.083065040409565e-06,20000,1.2050258530656467e-16,2400,0.0
band_fortran_py,3,25,75,1.1333031579852104e-05,1.0541989468038082e-05,17081,1.2050258530656467e-16,2400,0.0
band_fortran_reference_py,3,25,75,1.1291936971247196e-05,1.0541989468038082e-05,17290,1.2050258530656467e-16,2400,0.0
lapack_band,3,25,75,2.645899076014757e-05,2.562499139457941e-05,6358,9.558278721200598e-17,15000,2.4583074264228344e-05
superlu_natural,3,25,75,6.979203317314386e-05,6.420910358428955e-05,2314,1.3108496531932248e-16,9000,0.0002534170635044575
superlu_colamd,3,25,75,0.00011262495536357164,7.170799653977156e-05,1854,1.3108496531932243e-16,9216,0.0002534170635044575
dense_lapack,3,25,75,3.14170029014349e-05,2.9749935492873192e-05,5424,1.0650653432194952e-16,45000,0.0
band_cpp_py,3,50,150,1.3208016753196716e-05,1.2333039194345474e-05,14963,1.251379302007874e-16,4800,0.0
band_fortran_py,3,50,150,1.7542042769491673e-05,1.6541918739676476e-05,11106,1.251379302007874e-16,4800,0.0
band_fortran_reference_py,3,50,150,1.7625046893954277e-05,1.6666948795318604e-05,11044,1.251379302007874e-16,4800,0.0
lapack_band,3,50,150,3.5917037166655064e-05,3.487500362098217e-05,4856,1.3035201062582024e-16,30000,2.791592851281166e-05
superlu_natural,3,50,150,9.570806287229061e-05,8.229201193898916e-05,1936,1.0994377396221527e-16,18000,0.00022537494078278542
superlu_colamd,3,50,150,0.00012045796029269695,9.662506636232138e-05,1622,1.0994377396221527e-16,18216,0.00022537494078278542
dense_lapack,3,50,150,0.0001014170702546835,9.31670656427741e-05,1823,1.557706526978552e-16,180000,0.0
band_cpp_py,3,100,300,2.1834042854607105e-05,2.0875013433396816e-05,8819,1.716935562404898e-16,9600,0.0
band_fortran_py,3,100,300,3.0249939300119877e-05,2.8749927878379822e-05,6399,1.716935562404898e-16,9600,0.0
band_fortran_reference_py,3,100,300,3.0249939300119877e-05,2.8957962058484554e-05,6420,1.716935562404898e-16,9600,0.0
lapack_band,3,100,300,5.854095797985792e-05,5.308305844664574e-05,2975,1.3886978813569031e-16,60000,4.4082989916205406e-05
superlu_natural,3,100,300,0.000156833091750741,0.00012429198250174522,1254,1.2372035670270593e-16,36000,0.00023770902771502733
superlu_colamd,3,100,300,0.0001933329040184617,0.00017245800700038671,1016,1.2372035670270593e-16,36216,0.00023770902771502733
dense_lapack,3,100,300,0.00038345903158187866,0.000359834055416286,504,9.215904121732175e-17,720000,0.0
band_cpp_py,3,200,600,3.8624973967671394e-05,3.774999640882015e-05,5136,1.5302674728133783e-16,19200,0.0
band_fortran_py,3,200,600,5.52500132471323e-05,5.3416937589645386e-05,3580,1.5302674728133783e-16,19200,0.0
band_fortran_reference_py,3,200,600,5.53749268874526e-05,5.3416937589645386e-05,3560,1.5302674728133783e-16,19200,0.0
lapack_band,3,200,600,9.483296889811754e-05,8.91669187694788e-05,1975,2.3910429262709037e-16,120000,9.145902004092932e-05
superlu_natural,3,200,600,0.0002221250906586647,0.00019183300901204348,889,2.3910429262709037e-16,72000,0.0003219170030206442
superlu_colamd,3,200,600,0.0002962920116260648,0.0002774160820990801,664,2.3910429262709037e-16,72216,0.0003219170030206442
dense_lapack,3,200,600,0.0016715420642867684,0.0015923749888315797,119,2.391042926270903e-16,2880000,0.0
band_cpp_py,3,500,1500,9.041698649525642e-05,8.858309593051672e-05,2138,1.612673432829314e-16,48000,0.0
band_fortran_py,3,500,1500,0.00013654108624905348,0.0001265000319108367,1365,1.612673432829314e-16,48000,0.0
band_fortran_reference_py,3,500,1500,0.00013620895333588123,0.0001267079496756196,1423,1.612673432829314e-16,48000,0.0
lapack_band,3,500,1500,0.00023258302826434374,0.00019820791203528643,853,1.6706832685425986e-16,300000,0.0001961250090971589
superlu_natural,3,500,1500,0.0005433750338852406,0.000506000011228025,365,1.5604645806873577e-16,180000,0.0006050000665709376
superlu_colamd,3,500,1500,0.0007245419546961784,0.0006776669761165977,270,1.5604645806873577e-16,180216,0.0006050000665709376
dense_lapack,3,500,1500,0.027142500039190054,0.02661291602998972,8,1.6706832685425986e-16,18000000,0.0
band_cpp_py,3,1000,3000,0.00017862499225884676,0.00017320795450359583,1105,1.684126129536894e-16,96000,0.0
band_fortran_py,3,1000,3000,0.00026104203425347805,0.00024770793970674276,764,1.684126129536894e-16,96000,0.0
band_fortran_reference_py,3,1000,3000,0.0002567500341683626,0.00024879106786102057,773,1.684126129536894e-16,96000,0.0
lapack_band,3,1000,3000,0.0004212500061839819,0.00037800008431077003,477,2.1519389432971422e-16,600000,0.0003608330152928829
superlu_natural,3,1000,3000,0.0009561659535393119,0.0009156659943982959,208,1.7075167702249064e-16,360000,0.0007393329869955778
superlu_colamd,3,1000,3000,0.0013218749081715941,0.0012524999910965562,148,1.7075167702249064e-16,360216,0.0007393329869955778
dense_lapack,3,1000,3000,0.12471687502693385,0.12285475002136081,5,1.602258887128851e-16,72000000,0.0
band_cpp_py,3,2000,6000,0.0003649579593911767,0.00034404092002660036,546,1.533279925190385e-16,192000,0.0
band_fortran_py,3,2000,6000,0.0005615830887109041,0.0004931659204885364,359,1.533279925190385e-16,192000,0.0
band_fortran_reference_py,3,2000,6000,0.0005061250412836671,0.000493332976475358,384,1.533279925190385e-16,192000,0.0
lapack_band,3,2000,6000,0.0009757500374689698,0.0008292910642921925,202,1.8802264776057278e-16,1200000,0.0008911250624805689
superlu_natural,3,2000,6000,0.0019159589428454638,0.0017718749586492777,104,1.5108962766474598e-16,720000,0.001152792014181614
superlu_colamd,3,2000,6000,0.002492833067663014,0.002366167027503252,80,1.5108962766474598e-16,720216,0.001152792014181614
band_cpp_py,5,25,125,1.7584068700671196e-05,1.6457983292639256e-05,10959,1.9739605220483335e-16,6000,0.0
band_fortran_py,5,25,125,1.8750084564089775e-05,1.8083956092596054e-05,10346,1.9739605220483335e-16,6000,0.0
band_fortran_reference_py,5,25,125,1.9916915334761143e-05,1.9124941900372505e-05,9910,1.9739605220483335e-16,6000,0.0
lapack_band,5,25,125,5.9875077567994595e-05,3.9083999581635e-05,2956,2.1055578901848892e-16,43000,3.395904786884785e-05
superlu_natural,5,25,125,0.00011129199992865324,9.020895231515169e-05,1692,1.5791684176386674e-16,24000,0.00024349999148398638
superlu_colamd,5,25,125,0.00012766593135893345,0.00010804098565131426,1443,1.5791684176386672e-16,25200,0.00024349999148398638
dense_lapack,5,25,125,6.874999962747097e-05,6.59161014482379e-05,2714,1.592328154452323e-16,125000,0.0
band_cpp_py,5,50,250,3.087497316300869e-05,2.9291026294231415e-05,6343,1.955143345349942e-16,12000,0.0
band_fortran_py,5,50,250,3.212492447346449e-05,3.1542032957077026e-05,6087,1.955143345349942e-16,12000,0.0
band_fortran_reference_py,5,50,250,3.458291757851839e-05,3.358302637934685e-05,5592,1.955143345349942e-16,12000,0.0
lapack_band,5,50,250,0.00012179207988083363,6.141699850559235e-05,1882,2.29792821758662e-16,86000,6.0582999140024185e-05
superlu_natural,5,50,250,0.00019908405374735594,0.00013745797332376242,993,1.5488797930694342e-16,48000,0.0003117920132353902
superlu_colamd,5,50,250,0.00024716590996831656,0.0001806669170036912,797,1.5488797930694342e-16,49200,0.0003117920132353902
dense_lapack,5,50,250,0.0003387079341337085,0.0002692500129342079,594,1.8281859852622835e-16,500000,0.0
band_cpp_py,5,100,500,5.7124998420476913e-05,5.5333017371594906e-05,3438,2.277347208848335e-16,24000,0.0
band_fortran_py,5,100,500,5.891697946935892e-05,5.829194560647011e-05,3278,2.277347208848335e-16,24000,0.0
band_fortran_reference_py,5,100,500,6.383401341736317e-05,6.258301436901093e-05,3070,2.277347208848335e-16,24000,0.0
lapack_band,5,100,500,0.00010158296208828688,0.00010012497659772635,1876,2.0020634803062285e-16,172000,0.000106374965980649
superlu_natural,5,100,500,0.00029587489552795887,0.00026662496384233236,671,1.8706780644111322e-16,96000,0.0003422088921070099
superlu_colamd,5,100,500,0.00044050009455531836,0.0003868750063702464,455,1.8706780644111322e-16,97200,0.0003422088921070099
dense_lapack,5,100,500,0.0014576669782400131,0.0012545830104500055,138,1.5515991972373266e-16,2000000,0.0
band_cpp_py,5,200,1000,0.00010991701856255531,0.00010649999603629112,1783,2.1889704357553311e-16,48000,0.0
band_fortran_py,5,200,1000,0.0001705000177025795,0.00011141598224639893,1366,2.1889704357553311e-16,48000,0.0
band_fortran_reference_py,5,200,1000,0.00018408300820738077,0.00012112490367144346,1165,2.1889704357553311e-16,48000,0.0
lapack_band,5,200,1000,0.00018654100131243467,0.0001835839357227087,1011,2.344471067803525e-16,344000,0.00022591697052121162
superlu_natural,5,200,1000,0.0005344580858945847,0.00043841591104865074,377,1.3875441013531065e-16,192000,0.0006847500335425138
superlu_colamd,5,200,1000,0.0007242499850690365,0.0006650829454883933,263,1.3875441013531065e-16,193200,0.0006847500335425138
dense_lapack,5,200,1000,0.006225790944881737,0.005649583064951003,33,1.9617002812233573e-16,8000000,0.0
band_cpp_py,5,500,2500,0.00027254095766693354,0.00026133295614272356,722,2.527019131407313e-16,120000,0.0
band_fortran_py,5,500,2500,0.00027804099954664707,0.00027120800223201513,701,2.527019131407313e-16,120000,0.0
band_fortran_reference_py,5,500,2500,0.0003041670424863696,0.00029791705310344696,634,2.527019131407313e-16,120000,0.0
lapack_band,5,500,2500,0.0004992500180378556,0.00043554208241403103,398,1.9756695027366266e-16,860000,0.0005939999828115106
superlu_natural,5,500,2500,0.0011014590272679925,0.0010393339907750487,178,1.7287108148945482e-16,480000,0.0009374589426442981
superlu_colamd,5,500,2500,0.0015157499583438039,0.0014018750516697764,130,1.7287108148945482e-16,481200,0.0009374589426442981
dense_lapack,5,500,2500,0.0831795419799164,0.08286524994764477,5,1.8837778979581784e-16,50000000,0.0
band_cpp_py,5,1000,5000,0.0005507499445229769,0.0005197919672355056,355,2.5501375649006614e-16,240000,0.0
band_fortran_py,5,1000,5000,0.000545416958630085,0.0005370409926399589,353,2.5501375649006614e-16,240000,0.0
band_fortran_reference_py,5,1000,5000,0.0006555839208886027,0.0005895419744774699,309,2.5501375649006614e-16,240000,0.0
lapack_band,5,1000,5000,0.0011623329482972622,0.0010909170377999544,169,2.9193882530310746e-16,1720000,0.0011071659391745925
superlu_natural,5,1000,5000,0.0023133750073611736,0.002191875013522804,86,1.9847224487009674e-16,960000,0.0015964589547365904
superlu_colamd,5,1000,5000,0.0029870420694351196,0.002809584024362266,67,1.9847224487009674e-16,961200,0.0015964589547365904
band_cpp_py,5,2000,10000,0.0010634169448167086,0.0010364589979872108,186,2.642790081712848e-16,480000,0.0
band_fortran_py,5,2000,10000,0.0011594160459935665,0.0010860840557143092,171,2.642790081712848e-16,480000,0.0
band_fortran_reference_py,5,2000,10000,0.0012854579836130142,0.0011911670444533229,151,2.642790081712848e-16,480000,0.0
lapack_band,5,2000,10000,0.002484459080733359,0.002238500048406422,80,3.122234300076683e-16,3440000,0.0022188329603523016
superlu_natural,5,2000,10000,0.005085250013507903,0.004741082899272442,39,2.829890264488979e-16,1920000,0.0030107080237939954
superlu_colamd,5,2000,10000,0.006464875070378184,0.006171334069222212,31,2.829890264488979e-16,1921200,0.0030107080237939954
band_cpp_py,10,25,250,5.0458009354770184e-05,4.9875001423060894e-05,3904,3.3741609496869285e-16,22000,0.0
band_fortran_py,10,25,250,6.162503268569708e-05,6.037496495991945e-05,3190,3.3741609496869285e-16,22000,0.0
band_fortran_reference_py,10,25,250,7.14579364284873e-05,6.587500683963299e-05,2760,3.3741609496869285e-16,22000,0.0
lapack_band,10,25,250,0.00016008305829018354,9.67920059338212e-05,1307,3.5418110113452764e-16,176000,0.00024758302606642246
superlu_natural,10,25,250,0.00024504109751433134,0.00021925009787082672,756,1.9922686938817174e-16,93000,0.0003744169371202588
superlu_colamd,10,25,250,0.00034404092002660036,0.00033137493301182985,540,1.9922686938817174e-16,106200,0.0003744169371202588
dense_lapack,10,25,250,0.00028375000692903996,0.0002632909454405308,639,2.1355036980170048e-16,500000,0.0
band_cpp_py,10,50,500,9.470793884247541e-05,9.38749872148037e-05,2096,3.14943400623821e-16,44000,0.0
band_fortran_py,10,50,500,0.0001259170239791274,0.00011504103895276785,1363,3.14943400623821e-16,44000,0.0
band_fortran_reference_py,10,50,500,0.00014979089610278606,0.00013337505515664816,1204,3.14943400623821e-16,44000,0.0
lapack_band,10,50,500,0.00021237507462501526,0.00017920800019055605,879,3.0234566459886834e-16,352000,0.0002007919829338789
superlu_natural,10,50,500,0.0004742499440908432,0.00039854203350842,395,1.9148558757928324e-16,186000,0.0005221250467002392
superlu_colamd,10,50,500,0.0006636669859290123,0.0005470839096233249,290,1.9148558757928317e-16,199200,0.0005221250467002392
dense_lapack,10,50,500,0.0014659169828519225,0.0012553749838843942,133,2.3368800326287526e-16,2000000,0.0
band_cpp_py,10,100,1000,0.00018350000027567148,0.00018245808314532042,1069,3.0143820108950704e-16,88000,0.0
band_fortran_py,10,100,1000,0.0002377909841015935,0.00022412498947232962,816,3.0143820108950704e-16,88000,0.0
band_fortran_reference_py,10,100,1000,0.0002918330719694495,0.0002662499900907278,637,3.0143820108950704e-16,88000,0.0
lapack_band,10,100,1000,0.0003854590468108654,0.00034362508449703455,491,2.989262160804278e-16,704000,0.00040445802733302116
superlu_natural,10,100,1000,0.0008110000053420663,0.0007487920811399817,223,2.838543060259524e-16,372000,0.0008996250107884407
superlu_colamd,10,100,1000,0.0011903749546036124,0.0010264170123264194,160,2.838543060259524e-16,385200,0.0008996250107884407
dense_lapack,10,100,1000,0.006854624953120947,0.005898333969525993,30,2.461745308897641e-16,8000000,0.0
band_cpp_py,10,200,2000,0.0003725000424310565,0.0003599589690566063,529,3.9487393316457003e-16,176000,0.0
band_fortran_py,10,200,2000,0.000499958056025207,0.000442708027549088,389,3.9487393316457003e-16,176000,0.0
band_fortran_reference_py,10,200,2000,0.0005940000992268324,0.0005297500174492598,327,3.9487393316457003e-16,176000,0.0
lapack_band,10,200,2000,0.0007821250474080443,0.0006826659664511681,240,3.7266227442406287e-16,1408000,0.00098491704557091
superlu_natural,10,200,2000,0.0015535829588770866,0.0013302909210324287,125,1.968199760617153e-16,744000,0.0019002920016646385
superlu_colamd,10,200,2000,0.00216683407779783,0.001872749999165535,92,1.968199760617153e-16,757200,0.0019002920016646385
dense_lapack,10,200,2000,0.03830420796293765,0.037761708023026586,6,3.158991465316559e-16,32000000,0.0
band_cpp_py,10,500,5000,0.0009412500075995922,0.0008937079692259431,207,4.962377476155234e-16,440000,0.0
band_fortran_py,10,500,5000,0.0012105000205338001,0.0010951249860227108,161,4.962377476155234e-16,440000,0.0
band_fortran_reference_py,10,500,5000,0.0014743750216439366,0.0013246670132502913,133,4.962377476155234e-16,440000,0.0
lapack_band,10,500,5000,0.002609291928820312,0.002234291983768344,77,3.758632444810649e-16,3520000,0.0022120000794529915
superlu_natural,10,500,5000,0.00413316604681313,0.003434209036640823,50,3.2673079422210213e-16,1860000,0.0036754170432686806
superlu_colamd,10,500,5000,0.00539145793300122,0.004608250106684864,37,3.2673079422210213e-16,1873200,0.0036754170432686806
band_cpp_py,10,1000,10000,0.0018006659811362624,0.0017806669929996133,110,4.559879896693953e-16,880000,0.0
band_fortran_py,10,1000,10000,0.0024277090560644865,0.002267249976284802,80,4.559879896693953e-16,880000,0.0
band_fortran_reference_py,10,1000,10000,0.0029954580822959542,0.0027183329220861197,67,4.559879896693953e-16,880000,0.0
lapack_band,10,1000,10000,0.005217749974690378,0.004617542028427124,39,3.5478961076104386e-16,7040000,0.004900041967630386
superlu_natural,10,1000,10000,0.009250459028407931,0.008259916910901666,22,3.0359513672505414e-16,3720000,0.007133957929909229
superlu_colamd,10,1000,10000,0.01205404195934534,0.011110500083304942,17,3.0359513672505414e-16,3733200,0.007133957929909229
band_cpp_py,10,2000,20000,0.003916207933798432,0.0036011249758303165,51,4.584587329784781e-16,1760000,0.0
band_fortran_py,10,2000,20000,0.005212833057157695,0.004656500066630542,38,4.584587329784781e-16,1760000,0.0
band_fortran_reference_py,10,2000,20000,0.006544000003486872,0.0056893330765888095,31,4.584587329784781e-16,1760000,0.0
lapack_band,10,2000,20000,0.008924541994929314,0.008571333019062877,22,4.3278981954348537e-16,14080000,0.010322957998141646
superlu_natural,10,2000,20000,0.01786862500011921,0.01718591700773686,12,3.1638428187316865e-16,7440000,0.016114292084239423
superlu_colamd,10,2000,20000,0.022839457960799336,0.022477166960015893,9,3.1638428187316865e-16,7453200,0.016114292084239423
band_cpp_py,20,25,500,0.00026174995582550764,0.0002524580340832472,746,3.941906317880448e-16,84000,0.0
band_fortran_py,20,25,500,0.00038241699803620577,0.00030929199419915676,496,3.941906317880448e-16,84000,0.0
band_fortran_reference_py,20,25,500,0.00040983303915709257,0.0003214160678908229,466,3.941906317880448e-16,84000,0.0
lapack_band,20,25,500,0.0004923749947920442,0.00044704205356538296,377,3.8003374557059714e-16,712000,0.0006996659794822335
superlu_natural,20,25,500,0.0008991670329123735,0.0007625420112162828,208,2.76845774918978e-16,366000,0.002028915914706886
superlu_colamd,20,25,500,0.001374333049170673,0.0011374169262126088,135,2.101511109612242e-16,466800,0.002028915914706886
dense_lapack,20,25,500,0.001648708013817668,0.0012714589247480035,120,3.0075518275288974e-16,2000000,0.0
band_cpp_py,20,50,1000,0.0005141670117154717,0.0004946669796481729,384,3.863593746404929e-16,168000,0.0
band_fortran_py,20,50,1000,0.0006890830118209124,0.0006039579166099429,287,3.863593746404929e-16,168000,0.0
band_fortran_reference_py,20,50,1000,0.0006503330077975988,0.0006269579753279686,288,3.863593746404929e-16,168000,0.0
lapack_band,20,50,1000,0.001004416961222887,0.0009152920683845878,189,3.469608857791268e-16,1424000,0.0008727910462766886
superlu_natural,20,50,1000,0.0016017910093069077,0.0013290829956531525,115,3.1391699189540047e-16,732000,0.0015051249647513032
superlu_colamd,20,50,1000,0.0023400000063702464,0.0018895419780164957,84,1.9572152531130234e-16,832800,0.0015051249647513032
dense_lapack,20,50,1000,0.007341834018006921,0.006320792017504573,28,3.170942893842203e-16,8000000,0.0
band_cpp_py,20,100,2000,0.0010357080027461052,0.0009781669359654188,192,3.955546525711569e-16,336000,0.0
band_fortran_py,20,100,2000,0.0012870000209659338,0.0011972499778494239,147,3.955546525711569e-16,336000,0.0
band_fortran_reference_py,20,100,2000,0.0013348330976441503,0.0012407500762492418,144,3.955546525711569e-16,336000,0.0
lapack_band,20,100,2000,0.002592375036329031,0.002245499985292554,77,4.64872107764495e-16,2848000,0.0018010410713031888
superlu_natural,20,100,2000,0.0033062079455703497,0.002795125008560717,60,3.484950958343957e-16,1464000,0.002970834029838443
superlu_colamd,20,100,2000,0.0044677091063931584,0.0038663330487906933,45,3.484950958343957e-16,1564800,0.002970834029838443
dense_lapack,20,100,2000,0.03970666602253914,0.03796945896465331,6,2.93168319670906e-16,32000000,0.0
band_cpp_py,20,200,4000,0.002053916919976473,0.0019484160002321005,97,4.968734543051885e-16,672000,0.0
band_fortran_py,20,200,4000,0.0026882910169661045,0.002451124950312078,74,4.968734543051885e-16,672000,0.0
band_fortran_reference_py,20,200,4000,0.002818416920490563,0.00251541705802083,71,4.968734543051885e-16,672000,0.0
lapack_band,20,200,4000,0.005311124958097935,0.004758625058457255,38,3.2811214217375423e-16,5696000,0.004088124958798289
superlu_natural,20,200,4000,0.0073104159673675895,0.006754957954399288,27,4.0653282624969915e-16,2928000,0.006277208914980292
superlu_colamd,20,200,4000,0.009510542033240199,0.008474125061184168,21,4.0653282624969915e-16,3028800,0.006277208914980292
band_cpp_py,20,500,10000,0.005332665983587503,0.00500812497921288,38,4.601451034843782e-16,1680000,0.0
band_fortran_py,20,500,10000,0.006819083006121218,0.006488666986115277,30,4.601451034843782e-16,1680000,0.0
band_fortran_reference_py,20,500,10000,0.0070034589152783155,0.006759165902622044,29,4.601451034843782e-16,1680000,0.0
lapack_band,20,500,10000,0.011604374973103404,0.011172541999258101,18,4.306807712449156e-16,14240000,0.010680249892175198
superlu_natural,20,500,10000,0.016793500049971044,0.016103749978356063,12,3.1031583954327965e-16,7320000,0.01596683298703283
superlu_colamd,20,500,10000,0.021743042045272887,0.021215958055108786,10,3.1031583954327965e-16,7420800,0.01596683298703283
band_cpp_py,20,1000,20000,0.010952332988381386,0.010265708900988102,19,5.496572697115848e-16,3360000,0.0
band_fortran_py,20,1000,20000,0.014074624981731176,0.013701542047783732,15,5.496572697115848e-16,3360000,0.0
band_fortran_reference_py,20,1000,20000,0.014657250023446977,0.0138802919536829,14,5.496572697115848e-16,3360000,0.0
lapack_band,20,1000,20000,0.0278554999968037,0.027011041063815355,8,4.749892159493948e-16,28480000,0.021439916919916868
superlu_natural,20,1000,20000,0.03138670802582055,0.029287999961525202,7,4.3389041324835725e-16,14640000,0.03157774999272078
superlu_colamd,20,1000,20000,0.038792707957327366,0.03807533299550414,6,4.3389041324835725e-16,14740800,0.03157774999272078
band_cpp_py,20,2000,40000,0.022284916951321065,0.020742458989843726,10,5.912471717202339e-16,6720000,0.0
band_fortran_py,20,2000,40000,0.02829979103989899,0.02737795899156481,8,5.912471717202339e-16,6720000,0.0
band_fortran_reference_py,20,2000,40000,0.028587834094651043,0.02776166598778218,7,5.912471717202339e-16,6720000,0.0
lapack_band,20,2000,40000,0.05784804199356586,0.05663891590666026,5,7.254233691366725e-16,56960000,0.042941791005432606
superlu_natural,20,2000,40000,0.057405291008763015,0.056569374981336296,5,3.6457174448919946e-16,29280000,0.06243512500077486
superlu_colamd,20,2000,40000,0.07612058299127966,0.07557166705373675,5,3.6457174448919946e-16,29380800,0.06243512500077486
band_cpp_py,30,25,750,0.0006812089122831821,0.0006663330132141709,289,6.355290734877157e-16,186000,0.0
band_fortran_py,30,25,750,0.0008189580403268337,0.0006752499612048268,244,6.355290734877157e-16,186000,0.0
band_fortran_reference_py,30,25,750,0.001125750015489757,0.0009697909699752927,173,6.355290734877157e-16,186000,0.0
lapack_band,30,25,750,0.001081958063878119,0.0009100419702008367,164,4.656729547477558e-16,1608000,0.0017160000279545784
superlu_natural,30,25,750,0.00196283299010247,0.0016390420496463776,95,3.2826126318284417e-16,819000,0.0033163749612867832
superlu_colamd,30,25,750,0.0031015409622341394,0.002503291005268693,64,2.442874516709538e-16,1067400,0.0033163749612867832
dense_lapack,30,25,750,0.005812667077407241,0.004311709082685411,35,4.713984418962937e-16,4500000,0.0
band_cpp_py,30,50,1500,0.0013538330094888806,0.0012982500484213233,147,5.08952066718463e-16,372000,0.0
band_fortran_py,30,50,1500,0.0014580830466002226,0.0013356669805943966,128,5.08952066718463e-16,372000,0.0
band_fortran_reference_py,30,50,1500,0.002167082973755896,0.0019031669944524765,92,5.08952066718463e-16,372000,0.0
lapack_band,30,50,1500,0.0023434580070897937,0.0019829159136861563,79,4.707147352810652e-16,3216000,0.0019560829969123006
superlu_natural,30,50,1500,0.004264458082616329,0.0033365830313414335,48,3.3358775357453665e-16,1638000,0.0027857499662786722
superlu_colamd,30,50,1500,0.005988541059195995,0.0051177500281482935,34,3.5072862628785273e-16,1972800,0.0027857499662786722
dense_lapack,30,50,1500,0.028415667009539902,0.023596417042426765,8,4.2456623182213755e-16,18000000,0.0
band_cpp_py,30,100,3000,0.002710249973461032,0.0025785419857129455,74,5.98617876408435e-16,744000,0.0
band_fortran_py,30,100,3000,0.0030430419137701392,0.002691957983188331,65,5.98617876408435e-16,744000,0.0
band_fortran_reference_py,30,100,3000,0.004306875052861869,0.003817916032858193,47,5.98617876408435e-16,744000,0.0
lapack_band,30,100,3000,0.0049639580538496375,0.004232916980981827,39,5.275624211599539e-16,6432000,0.004665834014303982
superlu_natural,30,100,3000,0.008182042045518756,0.006969165988266468,25,4.2243928188822875e-16,3276000,0.005489459028467536
superlu_colamd,30,100,3000,0.011129457969218493,0.010062375105917454,18,3.387301154311143e-16,3610800,0.005489459028467536
dense_lapack,30,100,3000,0.13039225002285093,0.12725458305794746,5,7.657117551891093e-16,72000000,0.0
band_cpp_py,30,200,6000,0.005542583996430039,0.00512125005479902,36,6.208810419644881e-16,1488000,0.0
band_fortran_py,30,200,6000,0.006340541993267834,0.005749917007051408,32,6.208810419644881e-16,1488000,0.0
band_fortran_reference_py,30,200,6000,0.008772458997555077,0.008060208056122065,23,6.208810419644881e-16,1488000,0.0
lapack_band,30,200,6000,0.008901915978640318,0.008363834000192583,23,6.205631305246703e-16,12864000,0.008260209113359451
superlu_natural,30,200,6000,0.01556324993725866,0.014882792020216584,13,4.260013293560747e-16,6552000,0.011299000005237758
superlu_colamd,30,200,6000,0.020523709012195468,0.019666999927721918,10,3.992967684113655e-16,6886800,0.011299000005237758
band_cpp_py,30,500,15000,0.014055541949346662,0.013366083963774145,15,6.396506772626777e-16,3720000,0.0
band_fortran_py,30,500,15000,0.016113458899781108,0.015568416099995375,13,6.396506772626777e-16,3720000,0.0
band_fortran_reference_py,30,500,15000,0.022127624950371683,0.021351041039451957,10,6.396506772626777e-16,3720000,0.0
lapack_band,30,500,15000,0.027230208041146398,0.026372583000920713,8,7.333980845982848e-16,32160000,0.02177695801947266
superlu_natural,30,500,15000,0.03453137492761016,0.03374737501144409,6,4.126161397696436e-16,16380000,0.027412082999944687
superlu_colamd,30,500,15000,0.045233292039483786,0.04506608401425183,5,3.9539722821820557e-16,16714800,0.027412082999944687
band_cpp_py,30,1000,30000,0.02775633300188929,0.027520166942849755,8,6.991173112402034e-16,7440000,0.0
band_fortran_py,30,1000,30000,0.031224749982357025,0.030202750000171363,7,6.991173112402034e-16,7440000,0.0
band_fortran_reference_py,30,1000,30000,0.04319870797917247,0.04244729096535593,5,6.991173112402034e-16,7440000,0.0
lapack_band,30,1000,30000,0.05464387498795986,0.053631041082553566,5,5.836437158468482e-16,64320000,0.046529959072358906
superlu_natural,30,1000,30000,0.06482858303934336,0.0642464590491727,5,4.44949886597221e-16,32760000,0.05900437501259148
superlu_colamd,30,1000,30000,0.08687129197642207,0.08534170803613961,5,4.44949886597221e-16,33094800,0.05900437501259148
band_cpp_py,30,2000,60000,0.05555154196918011,0.05406316707376391,5,7.663987123613725e-16,14880000,0.0
band_fortran_py,30,2000,60000,0.06162987498100847,0.061462707933969796,5,7.663987123613725e-16,14880000,0.0
band_fortran_reference_py,30,2000,60000,0.08556620893068612,0.0834409169619903,5,7.663987123613725e-16,14880000,0.0
lapack_band,30,2000,60000,0.11180266609881073,0.11006179102696478,5,6.677858274714813e-16,128640000,0.10309708293061703
superlu_natural,30,2000,60000,0.13278066599741578,0.12912854203023016,5,5.876140208969737e-16,65520000,0.1629329170100391
superlu_colamd,30,2000,60000,0.17563624994363636,0.17448499996680766,5,5.876140208969737e-16,65854800,0.1629329170100391
band_cpp_native,1,25,25,1.083e-06,9.59e-07,100000,5.598e-17,400,0.0
band_fortran_native,1,25,25,2.333e-06,2.208e-06,85145,5.598e-17,400,0.0
band_fortran_reference_native,1,25,25,2.334e-06,2.208e-06,83262,5.598e-17,400,0.0
band_cpp_native,1,50,50,2.042e-06,1.875e-06,94905,7.526e-17,800,0.0
band_fortran_native,1,50,50,4.5e-06,4.375e-06,42478,7.526e-17,800,0.0
band_fortran_reference_native,1,50,50,4.5e-06,4.375e-06,41757,7.526e-17,800,0.0
band_cpp_native,1,100,100,3.75e-06,3.666e-06,51210,7.547e-17,1600,0.0
band_fortran_native,1,100,100,8.458e-06,8.291e-06,22763,7.547e-17,1600,0.0
band_fortran_reference_native,1,100,100,8.458e-06,8.291e-06,22784,7.547e-17,1600,0.0
band_cpp_native,1,200,200,7.459e-06,7.333e-06,25582,9.072e-17,3200,0.0
band_fortran_native,1,200,200,1.625e-05,1.6083e-05,11743,9.072e-17,3200,0.0
band_fortran_reference_native,1,200,200,1.625e-05,1.6083e-05,11871,9.072e-17,3200,0.0
band_cpp_native,1,500,500,1.825e-05,1.8125e-05,10504,9.865e-17,8000,0.0
band_fortran_native,1,500,500,3.9708e-05,3.95e-05,4837,9.865e-17,8000,0.0
band_fortran_reference_native,1,500,500,3.9709e-05,3.9541e-05,4844,9.865e-17,8000,0.0
band_cpp_native,1,1000,1000,3.625e-05,3.6084e-05,5349,8.797e-17,16000,0.0
band_fortran_native,1,1000,1000,7.8792e-05,7.8583e-05,2478,8.797e-17,16000,0.0
band_fortran_reference_native,1,1000,1000,7.8792e-05,7.8541e-05,2489,8.797e-17,16000,0.0
band_cpp_native,1,2000,2000,7.25e-05,7.2e-05,2686,8.272e-17,32000,0.0
band_fortran_native,1,2000,2000,0.000161667,0.00015675,1223,8.272e-17,32000,0.0
band_fortran_reference_native,1,2000,2000,0.000156959,0.00015675,1265,8.272e-17,32000,0.0
band_cpp_native,3,25,75,4.5e-06,4.208e-06,44191,1.47e-16,2400,0.0
band_fortran_native,3,25,75,7.042e-06,6.584e-06,28099,1.47e-16,2400,0.0
band_fortran_reference_native,3,25,75,7.083e-06,6.583e-06,27157,1.47e-16,2400,0.0
band_cpp_native,3,50,150,8.667e-06,8.209e-06,22533,1.252e-16,4800,0.0
band_fortran_native,3,50,150,1.3333e-05,1.25e-05,14552,1.252e-16,4800,0.0
band_fortran_reference_native,3,50,150,1.3292e-05,1.25e-05,14637,1.252e-16,4800,0.0
band_cpp_native,3,100,300,1.6958e-05,1.6416e-05,11350,1.383e-16,9600,0.0
band_fortran_native,3,100,300,2.5834e-05,2.4416e-05,7465,1.383e-16,9600,0.0
band_fortran_reference_native,3,100,300,2.5833e-05,2.45e-05,7400,1.383e-16,9600,0.0
band_cpp_native,3,200,600,3.3542e-05,3.2625e-05,5748,1.72e-16,19200,0.0
band_fortran_native,3,200,600,5.0709e-05,4.8625e-05,3874,1.72e-16,19200,0.0
band_fortran_reference_native,3,200,600,5.0875e-05,4.8625e-05,3825,1.72e-16,19200,0.0
band_cpp_native,3,500,1500,8.4792e-05,8.3042e-05,2263,1.858e-16,48000,0.0
band_fortran_native,3,500,1500,0.000132917,0.0001245,1508,1.858e-16,48000,0.0
band_fortran_reference_native,3,500,1500,0.000131416,0.000122917,1506,1.858e-16,48000,0.0
band_cpp_native,3,1000,3000,0.000169334,0.000167708,1155,2.014e-16,96000,0.0
band_fortran_native,3,1000,3000,0.0002645,0.000244875,747,2.014e-16,96000,0.0
band_fortran_reference_native,3,1000,3000,0.000264667,0.000248583,748,2.014e-16,96000,0.0
band_cpp_native,3,2000,6000,0.000350334,0.000335292,566,1.9e-16,192000,0.0
band_fortran_native,3,2000,6000,0.000507417,0.000489167,392,1.9e-16,192000,0.0
band_fortran_reference_native,3,2000,6000,0.00050125,0.000487459,393,1.9e-16,192000,0.0
band_cpp_native,5,25,125,1.2917e-05,1.2083e-05,15295,2.189e-16,6000,0.0
band_fortran_native,5,25,125,1.4417e-05,1.4125e-05,13368,2.189e-16,6000,0.0
band_fortran_reference_native,5,25,125,1.5583e-05,1.4875e-05,12594,2.189e-16,6000,0.0
band_cpp_native,5,50,250,2.5709e-05,2.4458e-05,7584,1.684e-16,12000,0.0
band_fortran_native,5,50,250,2.7667e-05,2.7333e-05,7016,1.684e-16,12000,0.0
band_fortran_reference_native,5,50,250,3.0125e-05,2.925e-05,6442,1.684e-16,12000,0.0
band_cpp_native,5,100,500,5.1208e-05,4.8833e-05,3841,2.322e-16,24000,0.0
band_fortran_native,5,100,500,5.4417e-05,5.3834e-05,3546,2.322e-16,24000,0.0
band_fortran_reference_native,5,100,500,5.9583e-05,5.8292e-05,3289,2.322e-16,24000,0.0
band_cpp_native,5,200,1000,0.000103333,9.9125e-05,1893,2.187e-16,48000,0.0
band_fortran_native,5,200,1000,0.000108625,0.000107166,1765,2.187e-16,48000,0.0
band_fortran_reference_native,5,200,1000,0.00012375,0.000116625,1609,2.187e-16,48000,0.0
band_cpp_native,5,500,2500,0.00025975,0.000252458,756,3.97e-16,120000,0.0
band_fortran_native,5,500,2500,0.000279084,0.000266458,710,3.97e-16,120000,0.0
band_fortran_reference_native,5,500,2500,0.000307,0.000292584,646,3.97e-16,120000,0.0
band_cpp_native,5,1000,5000,0.000531542,0.000502083,374,2.843e-16,240000,0.0
band_fortran_native,5,1000,5000,0.000555792,0.0005325,358,2.843e-16,240000,0.0
band_fortran_reference_native,5,1000,5000,0.000608708,0.000586833,324,2.843e-16,240000,0.0
band_cpp_native,5,2000,10000,0.001028959,0.00099975,193,2.833e-16,480000,0.0
band_fortran_native,5,2000,10000,0.001087125,0.001061708,182,2.833e-16,480000,0.0
band_fortran_reference_native,5,2000,10000,0.001200916,0.001172958,165,2.833e-16,480000,0.0
band_cpp_native,10,25,250,4.4875e-05,4.4042e-05,4359,3.736e-16,22000,0.0
band_fortran_native,10,25,250,5.725e-05,5.6e-05,3394,3.736e-16,22000,0.0
band_fortran_reference_native,10,25,250,6.8e-05,6.2166e-05,2882,3.736e-16,22000,0.0
band_cpp_native,10,50,500,8.9125e-05,8.8375e-05,2182,3.325e-16,44000,0.0
band_fortran_native,10,50,500,0.000121834,0.0001105,1622,3.325e-16,44000,0.0
band_fortran_reference_native,10,50,500,0.000136792,0.000127833,1404,3.325e-16,44000,0.0
band_cpp_native,10,100,1000,0.000181292,0.000175625,1084,3.232e-16,88000,0.0
band_fortran_native,10,100,1000,0.000243791,0.000219667,809,3.232e-16,88000,0.0
band_fortran_reference_native,10,100,1000,0.000286416,0.000271875,685,3.232e-16,88000,0.0
band_cpp_native,10,200,2000,0.00035775,0.000346917,553,3.29e-16,176000,0.0
band_fortran_native,10,200,2000,0.000464625,0.000436209,424,3.29e-16,176000,0.0
band_fortran_reference_native,10,200,2000,0.000554208,0.000527417,355,3.29e-16,176000,0.0
band_cpp_native,10,500,5000,0.000887458,0.000873333,224,3.825e-16,440000,0.0
band_fortran_native,10,500,5000,0.001155,0.001089,172,3.825e-16,440000,0.0
band_fortran_reference_native,10,500,5000,0.001409334,0.001317625,142,3.825e-16,440000,0.0
band_cpp_native,10,1000,10000,0.001830625,0.001751542,110,4.122e-16,880000,0.0
band_fortran_native,10,1000,10000,0.0023785,0.002243416,83,4.122e-16,880000,0.0
band_fortran_reference_native,10,1000,10000,0.002802834,0.002707292,71,4.122e-16,880000,0.0
band_cpp_native,10,2000,20000,0.003683709,0.003622583,55,4.804e-16,1760000,0.0
band_fortran_native,10,2000,20000,0.00495375,0.004747667,41,4.804e-16,1760000,0.0
band_fortran_reference_native,10,2000,20000,0.006044709,0.005677333,34,4.804e-16,1760000,0.0
band_cpp_native,20,25,500,0.000255958,0.000248042,767,3.63e-16,84000,0.0
band_fortran_native,20,25,500,0.000341416,0.000306208,558,3.63e-16,84000,0.0
band_fortran_reference_native,20,25,500,0.000348959,0.000316666,557,3.63e-16,84000,0.0
band_cpp_native,20,50,1000,0.000508875,0.000489625,391,5.246e-16,168000,0.0
band_fortran_native,20,50,1000,0.000659958,0.000603208,294,5.246e-16,168000,0.0
band_fortran_reference_native,20,50,1000,0.000690958,0.00063875,285,5.246e-16,168000,0.0
band_cpp_native,20,100,2000,0.001035041,0.000974083,194,4.686e-16,336000,0.0
band_fortran_native,20,100,2000,0.001306833,0.0011915,153,4.686e-16,336000,0.0
band_fortran_reference_native,20,100,2000,0.001327459,0.0012365,149,4.686e-16,336000,0.0
band_cpp_native,20,200,4000,0.002078375,0.001958875,96,5.642e-16,672000,0.0
band_fortran_native,20,200,4000,0.002520042,0.00241375,79,5.642e-16,672000,0.0
band_fortran_reference_native,20,200,4000,0.002664209,0.002512583,75,5.642e-16,672000,0.0
band_cpp_native,20,500,10000,0.0053065,0.004950125,38,4.763e-16,1680000,0.0
band_fortran_native,20,500,10000,0.006922625,0.006380042,30,4.763e-16,1680000,0.0
band_fortran_reference_native,20,500,10000,0.007045458,0.006632084,29,4.763e-16,1680000,0.0
band_cpp_native,20,1000,20000,0.01074504,0.01007675,19,6.322e-16,3360000,0.0
band_fortran_native,20,1000,20000,0.01346142,0.01324108,15,6.322e-16,3360000,0.0
band_fortran_reference_native,20,1000,20000,0.01388633,0.01353221,15,6.322e-16,3360000,0.0
band_cpp_native,20,2000,40000,0.02156129,0.02056992,10,7.891e-16,6720000,0.0
band_fortran_native,20,2000,40000,0.02890517,0.02693933,8,7.891e-16,6720000,0.0
band_fortran_reference_native,20,2000,40000,0.02865871,0.0277035,7,7.891e-16,6720000,0.0
band_cpp_native,30,25,750,0.000677291,0.000662667,289,6.604e-16,186000,0.0
band_fortran_native,30,25,750,0.00082225,0.000689208,233,6.604e-16,186000,0.0
band_fortran_reference_native,30,25,750,0.001133458,0.000994334,170,6.604e-16,186000,0.0
band_cpp_native,30,50,1500,0.00135725,0.001291917,147,6.28e-16,372000,0.0
band_fortran_native,30,50,1500,0.001558709,0.001361292,122,6.28e-16,372000,0.0
band_fortran_reference_native,30,50,1500,0.002175083,0.0019515,89,6.28e-16,372000,0.0
band_cpp_native,30,100,3000,0.00266125,0.002565625,75,7.178e-16,744000,0.0
band_fortran_native,30,100,3000,0.00325475,0.002805959,62,7.178e-16,744000,0.0
band_fortran_reference_native,30,100,3000,0.004441667,0.003932916,45,7.178e-16,744000,0.0
band_cpp_native,30,200,6000,0.005343958,0.005112416,38,8.471e-16,1488000,0.0
band_fortran_native,30,200,6000,0.006119959,0.005746375,33,8.471e-16,1488000,0.0
band_fortran_reference_native,30,200,6000,0.008794667,0.007981875,23,8.471e-16,1488000,0.0
band_cpp_native,30,500,15000,0.01382121,0.01335921,15,7.422e-16,3720000,0.0
band_fortran_native,30,500,15000,0.01547596,0.01509471,13,7.422e-16,3720000,0.0
band_fortran_reference_native,30,500,15000,0.0208305,0.02046838,10,7.422e-16,3720000,0.0
band_cpp_native,30,1000,30000,0.02643575,0.0263645,8,8.747e-16,7440000,0.0
band_fortran_native,30,1000,30000,0.03115388,0.02937058,7,8.747e-16,7440000,0.0
band_fortran_reference_native,30,1000,30000,0.04302888,0.04164379,5,8.747e-16,7440000,0.0
band_cpp_native,30,2000,60000,0.05312079,0.05229079,5,7.42e-16,14880000,0.0
band_fortran_native,30,2000,60000,0.05966979,0.057238,5,7.42e-16,14880000,0.0
band_fortran_reference_native,30,2000,60000,0.08222183,0.08105633,5,7.42e-16,14880000,0.0
