method,nj,wall_s,steps,per_step_s,fevals,jevals
bandsolver BDF2 (dt=5e-3),41,0.16093212505802512,1000,0.00016093212505802513,2800,2800
"bandsolver BDF2, 1 iter (dt=5e-3)",41,0.06307166698388755,1000,6.307166698388755e-05,1000,1000
"bandsolver BDF2, reuse (dt=5e-3)",41,0.1391352079808712,1000,0.0001391352079808712,3009,3009
"integrate adaptive, reuse (rtol=1e-6)",41,0.011331334011629224,130,8.716410778176326e-05,275,31
"integrate fixed BDF2, reuse (dt=5e-3)",41,0.045278667006641626,1000,4.5278667006641626e-05,1270,2
SUNDIALS IDA (rtol=1e-6),41,0.013314499985426664,153,8.70228757217429e-05,203,20
SciPy BDF (rtol=1e-6),41,0.009071624954231083,91,9.968818631023169e-05,184,1
bandsolver BDF2 (dt=5e-3),81,0.17428995901718736,1000,0.00017428995901718736,2800,2800
"bandsolver BDF2, 1 iter (dt=5e-3)",81,0.06747495802119374,1000,6.747495802119375e-05,1000,1000
"bandsolver BDF2, reuse (dt=5e-3)",81,0.15248874993994832,1000,0.00015248874993994832,3009,3009
"integrate adaptive, reuse (rtol=1e-6)",81,0.012492916896007955,133,9.393170598502223e-05,278,32
"integrate fixed BDF2, reuse (dt=5e-3)",81,0.050330957979895175,1000,5.033095797989517e-05,1271,2
SUNDIALS IDA (rtol=1e-6),81,0.014160541933961213,143,9.902476876895954e-05,187,22
SciPy BDF (rtol=1e-6),81,0.010788582963868976,97,0.00011122250478215439,196,1
bandsolver BDF2 (dt=5e-3),161,0.2151246250141412,1000,0.00021512462501414121,2800,2800
"bandsolver BDF2, 1 iter (dt=5e-3)",161,0.08285612496547401,1000,8.285612496547401e-05,1000,1000
"bandsolver BDF2, reuse (dt=5e-3)",161,0.19074562494643033,1000,0.00019074562494643033,3009,3009
"integrate adaptive, reuse (rtol=1e-6)",161,0.015161917079240084,135,0.00011231049688325988,284,34
"integrate fixed BDF2, reuse (dt=5e-3)",161,0.05850108293816447,1000,5.8501082938164475e-05,1271,2
SUNDIALS IDA (rtol=1e-6),161,0.018448541988618672,165,0.00011180934538556771,219,24
SciPy BDF (rtol=1e-6),161,0.012714667012915015,101,0.00012588779220707935,204,1
bandsolver BDF2 (dt=5e-3),321,0.2733082090271637,1000,0.0002733082090271637,2800,2800
"bandsolver BDF2, 1 iter (dt=5e-3)",321,0.1023474580142647,1000,0.0001023474580142647,1000,1000
"bandsolver BDF2, reuse (dt=5e-3)",321,0.23163608403410763,1000,0.00023163608403410762,3009,3009
"integrate adaptive, reuse (rtol=1e-6)",321,0.018987458082847297,136,0.00013961366237387718,287,35
"integrate fixed BDF2, reuse (dt=5e-3)",321,0.0704765000846237,1000,7.047650008462369e-05,1271,2
SUNDIALS IDA (rtol=1e-6),321,0.02180275006685406,158,0.0001379920890307219,210,23
SciPy BDF (rtol=1e-6),321,0.016402457957156003,105,0.00015621388530624765,212,1
bandsolver BDF2 (dt=5e-3),641,0.3963153340155259,1000,0.00039631533401552585,2800,2800
"bandsolver BDF2, 1 iter (dt=5e-3)",641,0.1493335000704974,1000,0.00014933350007049738,1000,1000
"bandsolver BDF2, reuse (dt=5e-3)",641,0.3483433329965919,1000,0.0003483433329965919,3009,3009
"integrate adaptive, reuse (rtol=1e-6)",641,0.027238250011578202,137,0.00019881934315020585,290,36
"integrate fixed BDF2, reuse (dt=5e-3)",641,0.09899024991318583,1000,9.899024991318583e-05,1271,2
SUNDIALS IDA (rtol=1e-6),641,0.03159591695293784,169,0.00018695808847892214,226,26
SciPy BDF (rtol=1e-6),641,0.023791957995854318,109,0.00021827484399866346,220,1
bandsolver BDF2 (dt=5e-3),1281,0.6253899169387296,1000,0.0006253899169387295,2800,2800
"bandsolver BDF2, 1 iter (dt=5e-3)",1281,0.23150279198307544,1000,0.00023150279198307544,1000,1000
"bandsolver BDF2, reuse (dt=5e-3)",1281,0.5424171250779182,1000,0.0005424171250779182,3009,3009
"integrate adaptive, reuse (rtol=1e-6)",1281,0.0428571249358356,138,0.0003105588763466348,294,39
"integrate fixed BDF2, reuse (dt=5e-3)",1281,0.15173458401113749,1000,0.00015173458401113749,1271,2
SUNDIALS IDA (rtol=1e-6),1281,0.0628875830443576,267,0.00023553401889272508,347,25
SciPy BDF (rtol=1e-6),1281,0.035789708024822176,112,0.00031955096450734084,226,1
