method,nj,setting,error,wall_s,steps,fevals,jevals,newton_iters
bandsolver BE,81,0.1,0.014277114671713775,0.009238790953531861,50,150,150,150
bandsolver BE,81,0.05,0.006724885402348946,0.01852374989539385,100,300,300,300
bandsolver BE,81,0.02,0.002591503905264858,0.04633737506810576,250,750,750,750
bandsolver BE,81,0.01,0.0012794268498055317,0.09032287506852299,500,1455,1455,1455
bandsolver BE,81,0.005,0.000635640587773878,0.1725402920274064,1000,2802,2802,2802
bandsolver BE,81,0.002,0.0002532797971355194,0.4130557079333812,2500,6653,6653,6653
bandsolver BE,81,0.001,0.00012647718932612406,0.791191834025085,5000,12775,12775,12775
bandsolver BDF2,81,0.1,0.0008104418388654722,0.009238625061698258,50,150,150,150
bandsolver BDF2,81,0.05,0.0001920836893134492,0.01851016702130437,100,300,300,300
bandsolver BDF2,81,0.02,2.9779221236481135e-05,0.046260833041742444,250,750,750,750
bandsolver BDF2,81,0.01,7.367443657813055e-06,0.08957587496843189,500,1453,1453,1453
bandsolver BDF2,81,0.005,1.8323994339652927e-06,0.17455312504898757,1000,2800,2800,2800
bandsolver BDF2,81,0.002,2.924241329083088e-07,0.41406237496994436,2500,6651,6651,6651
bandsolver BDF2,81,0.001,7.317696315567446e-08,0.8068307910580188,5000,12774,12774,12774
"bandsolver BDF2, 1 Newton iter/step",81,0.1,0.0008104418388228396,0.00337216688785702,50,50,50,50
"bandsolver BDF2, 1 Newton iter/step",81,0.05,0.0001920836893134492,0.0067414590157568455,100,100,100,100
"bandsolver BDF2, 1 Newton iter/step",81,0.02,2.977922125069199e-05,0.016812667017802596,250,250,250,250
"bandsolver BDF2, 1 Newton iter/step",81,0.01,7.367443657813055e-06,0.03370637493208051,500,500,500,500
"bandsolver BDF2, 1 Newton iter/step",81,0.005,1.8323994908087116e-06,0.06821849988773465,1000,1000,1000,1000
"bandsolver BDF2, 1 Newton iter/step",81,0.002,2.9242414711916354e-07,0.1693223750917241,2500,2500,2500,2500
"bandsolver BDF2, 1 Newton iter/step",81,0.001,7.317687789054617e-08,0.3370987499365583,5000,5000,5000,5000
"bandsolver BDF2, Jacobian reuse",81,0.1,0.0008104418388654722,0.01031566597521305,50,213,213,213
"bandsolver BDF2, Jacobian reuse",81,0.05,0.00019208368932766007,0.018908292055130005,100,391,391,391
"bandsolver BDF2, Jacobian reuse",81,0.02,2.977922122227028e-05,0.043301708064973354,250,885,885,885
"bandsolver BDF2, Jacobian reuse",81,0.01,7.3674436009696365e-06,0.08154066698625684,500,1626,1626,1626
"bandsolver BDF2, Jacobian reuse",81,0.005,1.8323993771218738e-06,0.15196866600308567,1000,3009,3009,3009
"bandsolver BDF2, Jacobian reuse",81,0.002,2.924241897517277e-07,0.35435083298943937,2500,6801,6801,6801
"bandsolver BDF2, Jacobian reuse",81,0.001,7.31767215711443e-08,0.6750247499439865,5000,12858,12858,12858
"integrate fixed BDF2, reuse",81,0.1,0.000810441838879683,0.005515582975931466,50,139,4,139
"integrate fixed BDF2, reuse",81,0.05,0.0001920836893134492,0.008986999979242682,100,230,4,230
"integrate fixed BDF2, reuse",81,0.02,2.977922122227028e-05,0.017648042063228786,250,461,2,461
"integrate fixed BDF2, reuse",81,0.01,7.367443629391346e-06,0.029765957966446877,500,779,2,779
"integrate fixed BDF2, reuse",81,0.005,1.8323995618629851e-06,0.048635166021995246,1000,1271,2,1271
"integrate fixed BDF2, reuse",81,0.002,2.924243034385654e-07,0.11519724992103875,2500,3012,2,3012
"integrate fixed BDF2, reuse",81,0.001,7.317706263165746e-08,0.22666258295066655,5000,5929,2,5929
"integrate fixed BDF2, no reuse",81,0.1,0.000810441838879683,0.009996958076953888,50,103,103,103
"integrate fixed BDF2, no reuse",81,0.05,0.0001920836893134492,0.019156749942339957,100,203,203,203
"integrate fixed BDF2, no reuse",81,0.02,2.9779221236481135e-05,0.04194004205055535,250,444,444,444
"integrate fixed BDF2, no reuse",81,0.01,7.367443615180491e-06,0.06840824999380857,500,724,724,724
"integrate fixed BDF2, no reuse",81,0.005,1.8323994765978568e-06,0.10589066601824015,1000,1119,1119,1119
"integrate fixed BDF2, no reuse",81,0.002,2.924242181734371e-07,0.24981858301907778,2500,2626,2626,2626
"integrate fixed BDF2, no reuse",81,0.001,7.317694894481974e-08,0.48645833297632635,5000,5117,5117,5117
"integrate adaptive BDF1-2, reuse",81,0.001,0.07680677380210454,0.00241650000680238,21,41,15,41
"integrate adaptive BDF1-2, reuse",81,0.0001,0.022212957897295382,0.003895374946296215,35,74,19,74
"integrate adaptive BDF1-2, reuse",81,1e-05,0.0053784618224597125,0.007090625003911555,68,147,27,147
"integrate adaptive BDF1-2, reuse",81,1e-06,0.0013481896282030448,0.012344000046141446,133,278,32,278
"integrate adaptive BDF1-2, reuse",81,1e-07,0.0003065826550425754,0.02306216594297439,269,552,38,552
"integrate adaptive BDF1-2, reuse",81,1e-08,6.924521574092068e-05,0.045348084066063166,559,1133,42,1133
"integrate adaptive BDF1-2, reuse",81,1e-09,1.5212473073233923e-05,0.09327920794021338,1182,2381,46,2381
"integrate adaptive BDF1-2, reuse",81,1e-10,3.3214820973626047e-06,0.19504766701720655,2521,5065,50,5065
"integrate adaptive BDF1-2, no reuse",81,0.001,0.07749459683348903,0.0038937500212341547,21,41,41,41
"integrate adaptive BDF1-2, no reuse",81,0.0001,0.022728592432585515,0.007022208068519831,35,74,74,74
"integrate adaptive BDF1-2, no reuse",81,1e-05,0.005564368670306408,0.013814207981340587,68,146,146,146
"integrate adaptive BDF1-2, no reuse",81,1e-06,0.0013948877916760694,0.025939958984963596,133,275,275,275
"integrate adaptive BDF1-2, no reuse",81,1e-07,0.00031975590830768397,0.05192208290100098,269,548,548,548
"integrate adaptive BDF1-2, no reuse",81,1e-08,7.235498918589656e-05,0.10659495799336582,559,1129,1129,1129
"integrate adaptive BDF1-2, no reuse",81,1e-09,1.591457478866687e-05,0.224932000041008,1182,2377,2377,2377
"integrate adaptive BDF1-2, no reuse",81,1e-10,3.469499063157855e-06,0.47922191594261676,2521,5057,5057,5057
"integrate adaptive BE, reuse",81,0.001,0.09510113157553235,0.0024755840422585607,22,44,14,44
"integrate adaptive BE, reuse",81,0.0001,0.035144132102203685,0.005131875048391521,52,108,18,108
"integrate adaptive BE, reuse",81,1e-05,0.011991522890625106,0.013259083963930607,150,311,27,311
"integrate adaptive BE, reuse",81,1e-06,0.004050104988849057,0.036309582996182144,450,916,31,916
"integrate adaptive BE, reuse",81,1e-07,0.0012960607509882038,0.1083134999498725,1397,2813,36,2813
"integrate adaptive BE, reuse",81,1e-08,0.00041466929573630296,0.33624245901592076,4386,8794,41,8794
"integrate adaptive BE, reuse",81,1e-09,0.0001315561920023356,1.053857000079006,13834,27690,44,27690
"integrate adaptive BE, reuse",81,1e-10,4.168760710854258e-05,3.3442058329237625,43707,87442,47,87442
SUNDIALS IDA,81,0.001,0.005588618586330085,0.005170500022359192,35,51,11,
SUNDIALS IDA,81,0.0001,0.0030442680176605563,0.00724337506107986,57,82,14,
SUNDIALS IDA,81,1e-05,0.00012494308208488292,0.009954792098142207,90,127,17,
SUNDIALS IDA,81,1e-06,2.3918603702099972e-05,0.013839999912306666,143,187,22,
SUNDIALS IDA,81,1e-07,5.74382636386872e-06,0.019036332960240543,225,292,24,
SUNDIALS IDA,81,1e-08,7.171740037392738e-07,0.027884957962669432,358,435,35,
SUNDIALS IDA,81,1e-09,1.402527374239071e-07,0.03450058400630951,495,607,32,
SUNDIALS IDA,81,1e-10,2.323737646747759e-08,0.05057287507224828,710,906,41,
SciPy BDF,81,0.001,0.01948643539759587,0.003907000063918531,25,52,1,
SciPy BDF,81,0.0001,0.0059661345529775645,0.0057033749762922525,44,90,1,
SciPy BDF,81,1e-05,0.0005931355606350053,0.007880958961322904,65,132,1,
SciPy BDF,81,1e-06,0.00010689508766859035,0.010387334041297436,97,196,1,
SciPy BDF,81,1e-07,1.3299787198661761e-05,0.014090917073190212,140,282,1,
SciPy BDF,81,1e-08,2.603634669640087e-06,0.01968662498984486,193,393,1,
SciPy BDF,81,1e-09,4.2483344486754504e-07,0.025437082978896797,265,532,1,
SciPy BDF,81,1e-10,6.670070717973431e-08,0.03392887499649078,365,732,1,
